Feature_1,Feature_2,Feature_3,Feature_4,Feature_5,Feature_6,Feature_7,Feature_8,Feature_9,Feature_10,Status
5.164518366924438,8.213584601498523,7.593588296000337,6.5336945872149945,6.359268824120166,7.247592617782911,7.064358853378147,6.643538565161376,4.886412782210249,5.616108147987642,1
4.103240383617447,8.921018367759952,4.956087164765113,9.111775817846256,10.017167079956446,6.176635220299785,7.888762082641716,8.483447078217631,4.299127571413653,9.505896127638056,1
6.406542179827475,8.441575614346021,5.669492031902964,7.001263098471666,9.585705788624427,5.423551749669005,8.255976004528108,5.896799218352521,7.049576070352837,8.953604085979183,1
9.67071042721869,9.673414195523604,4.139340689881005,6.911701773279219,4.291936697522852,7.450168685412152,7.793111902650115,9.935486571924212,3.3492278989015074,8.084314481478243,1
6.719959282923323,9.680339935081323,4.634046225151742,8.36537392820304,8.844247292871806,7.434981313970993,6.376086967931864,11.234338634804224,4.116618673292066,5.1841774865370285,1
8.143693449167957,6.852994359796366,4.483875341804653,6.757497148731586,7.3465128565299205,5.469387614256406,6.657334548916916,8.002954339531195,7.395799155442357,7.7881886177915,1
6.010259150058381,3.6433949539014643,8.023238020581683,5.702436684744791,8.830115589501926,5.709169087070428,4.2913104391385595,3.0502140046304764,3.6664407196274174,7.740388953173849,1
8.841793348464337,6.470797911833843,6.7698936322629715,7.62075589381936,6.388484491406372,7.735002782452565,7.833795394183158,6.14817616307558,6.341246538401384,2.0791209897679224,1
7.657817877917026,6.477209769635776,5.487527424682359,3.034764707991996,7.689128699192215,7.9104395016428155,3.798163583748085,4.416063172558859,8.10881577068703,7.660854979142368,1
5.678243690045981,3.5482929647652317,7.314800273838611,6.798766380562869,6.802886917831722,8.189061872422615,8.939879160790792,8.230440068054973,8.236556269817694,7.753127683638037,1
7.654894538168077,5.6840672322025245,9.49140971648158,5.855112563781983,8.20419784181825,5.054759069154813,10.246789369084015,6.750298553141635,5.518341510783764,8.342969252481595,1
5.858498506458414,8.641339711271982,8.642612484184784,6.452229764795359,8.606889451536562,9.300444646607104,12.43260231109922,5.582042442403106,6.7205875408423426,9.41738075875917,1
9.540892366044776,5.061997429843663,9.675642774145073,6.535193373191418,10.036383193737723,9.58061276195441,6.945627888040514,6.154417941484695,6.810030101355021,6.475350759580204,1
4.212010268782651,4.8201207856524935,8.148829281026071,9.007747562906484,6.677030167081841,8.296720478520445,8.875931232113642,5.7445713033147685,5.37160149031226,8.513238820991878,1
5.503312847959851,5.768930968765106,9.465203614280764,10.292084515135857,10.045361941452068,6.960949431765498,8.505575797963454,12.661073892224554,8.598543076501986,6.428651753032453,1
7.851152663607294,9.932570626217723,8.056618624649744,8.776785401873006,9.34958091709117,3.277985082122312,4.956693458839124,5.513648422767149,8.234357249363761,4.56354818682084,1
9.97526066573242,6.871957449261701,10.054090531842244,5.612559702732927,8.525810271240301,6.6494032308397175,4.525420918741654,9.119128410254033,6.6764199683325,8.334549037716616,1
7.585049415152571,2.252738420938437,8.217045169164814,7.832257085557628,5.096366432004725,5.582541465791992,7.789942353709463,8.775152435380244,5.005804741520392,6.9029560183408885,1
8.062750030901604,9.897258478649686,7.460909721859627,6.085892979934766,1.648077708359665,7.103920112099129,5.002067134671398,10.342446880826964,8.243949239329542,5.399541687921118,1
7.281671330810795,7.257388499480751,10.210226678692226,5.723292572636053,8.103056188346088,7.1138058759729335,5.0434958817166695,8.010300315258187,4.808806411140827,6.717124971540995,1
8.205846554911405,7.899201626794191,7.128795483613158,5.309379691887626,8.32858247262915,5.395358727905515,4.059208726132915,5.357923380320271,3.2854568975090905,4.985601573483485,1
9.039927909009105,7.293377221870764,8.596788436268477,5.339594982249951,3.171276551125602,7.439765591389357,4.870066054706152,3.183411196497649,8.573643800450863,2.637958260506304,1
8.187484540875019,5.936043359627899,4.276329582194146,8.824738138340985,6.336780085365709,7.3315755578333155,5.131757286477069,7.48220738600817,6.0769732769892215,11.930606563853175,1
6.0671709722441705,6.655485040502949,5.50866211170543,3.5632031105584594,6.551650297309294,6.79395224802875,7.999768217255873,9.694859547845212,6.167844736304249,6.422158923931705,1
5.392357233894568,10.939895381953487,4.793510076405812,9.505523810798953,9.882167128336057,5.501448087801311,4.521786642954649,6.725108587637821,4.105633499473262,5.371500704023452,1
5.749892287787787,5.154442107070253,8.101541650137126,5.088626439938292,5.432356286012622,8.212982492911392,5.793168850210663,5.855972863440941,5.735090989717383,7.473333690730534,1
2.9087046999670703,6.477150202463478,5.918412502032642,10.270318105595212,5.429900011684556,7.193081327259754,5.315620877118134,7.4801443043728915,10.99448390840395,7.673082497583908,1
7.151841126238588,8.01929886866277,5.941716352377158,8.551373690806933,4.898882912253141,5.994361975553733,6.010290382637304,5.037858791082788,5.138782478498195,3.4950162459916,1
2.9269230718701778,7.647065513667283,7.876762223742267,8.194606316296815,7.7973021354616066,7.276990973707967,2.9454765958462747,4.758973266994957,3.8215439438621286,11.445012094510183,1
3.4898842896292934,4.110958226031976,8.781193054265428,8.28486742656958,8.541839967277651,5.209947633012088,3.490409717857199,3.5417526399394905,7.575372647857054,6.0330794751976295,1
7.180494806191289,8.672470039284864,6.527668528084802,10.436799011833124,5.925300957789781,9.576282155859936,8.797410089933141,10.766970049941431,9.9222853142832,4.578882381077809,1
7.895481299704209,6.499358068697698,6.831828766484532,7.832320008928311,8.580427661688788,5.033913780102036,7.574685770484116,11.635864134158098,11.1243018249299,6.89418563693913,1
11.52454272316048,7.274062390179465,7.304706446143319,6.142269387921795,6.889754764894791,7.587627446598306,7.856100522019334,5.147300489530419,10.046234132075345,7.167848410012893,1
5.075102544477748,7.694117033241972,7.25618482060168,8.778844779342878,6.144050215228537,9.766635848828457,3.226612174046303,3.112485849739256,7.140521066314491,5.739731836226792,1
7.445440211960488,6.575976862592131,5.311913370957959,7.181447857624148,4.51967858879142,9.517855562775088,8.67984923920968,6.591841977301057,8.311836922451638,6.899530005504481,1
10.358654556772711,4.323637698510581,6.629034334271701,4.732001102321504,8.169428008200079,6.653507726315133,7.625813846462065,3.863662686981218,6.651133587930171,6.919737551855525,1
3.7866392312794166,8.075901907202377,5.613862895634019,6.048924045902089,2.390454028389237,6.782788793516969,7.947428137750545,7.432480670374106,9.56325960473794,7.769287437437221,1
3.603337256177432,6.294046680900022,6.941965977634236,9.67124999162035,3.115604009612638,9.323828706205196,5.804838424396724,8.043460455972951,5.510910585508986,9.917647373202355,1
10.057464960502267,8.038028610130025,5.335087363275934,7.0502590381177255,7.596313178203496,7.201787262827711,6.516778911472252,5.862994732877917,8.882461269642919,4.509448597929563,1
8.276894617601483,3.9836707161957814,9.199847337598602,7.41809710960774,8.102810440343976,4.528965756855459,2.191879504921147,7.418213219442363,7.391766533964219,3.4116933783580508,1
5.529833735648276,11.26869181402518,9.41997242675852,5.832905953485035,7.882813581155427,3.6214743435231216,6.06441732737474,11.576807283254276,6.776813577750325,5.415255721417478,1
7.920593136472268,7.887542515355353,9.329534352098872,3.7325888003675196,8.772676932486199,5.7079291073425775,4.817341339845434,8.492968471234198,5.758946517617051,7.579176072373111,1
5.196155053715623,5.438178589363161,9.840162514692402,10.061467880053156,8.032871978775864,10.814162938264566,3.9363071495717348,7.560986823407464,8.578919970881959,7.4353009122165545,1
10.347482692260662,6.052099865019815,10.40838876093088,7.800685431565458,6.7896468728961015,7.261997377607904,5.657059936179141,9.710741555552495,7.049325677753996,6.066937190400975,1
2.4834936892899,8.482478972127762,8.07264895919165,3.0310303077465433,8.097355171246075,10.264945630206064,7.757914662599081,6.040908213375362,8.654645722372834,4.932380706280993,1
5.599515859077645,6.666266040331242,4.985575857203106,8.421325062599584,6.661479001647021,7.838115819956461,2.9371069244024177,10.927796144506196,6.099508161671167,9.044380556275135,1
6.215166201138901,5.392874706947029,6.997090449047141,8.945672855287096,5.627102239816544,9.10799564307795,4.983244881252312,8.399781168957471,6.730806755451213,7.85134329025368,1
6.908540366356418,4.406017191325388,5.6903399797555,8.440347915648333,5.793635634351885,5.006464109879593,10.053010299017318,6.194310195304818,3.533156621162337,6.53849944263866,1
8.292181927696406,10.035442930123581,8.51265168400923,5.586480938667688,6.713612941351061,6.79847912422141,5.407485161308984,6.904967234513822,6.076777477888729,0.0,1
5.0416778527057575,6.2410118766314335,8.167139061001418,11.716667086536537,8.149871682392098,5.149280157969166,6.226769116021878,9.056742846658661,5.808196853980829,3.1759673931738592,1
7.746757199036667,7.822145258282766,8.346934231869977,8.269473085420618,9.689860706098145,3.6707203639897434,9.39220224731028,5.305080104031385,8.008461763507189,8.5180911765964,1
8.402573626216764,9.492206112789487,7.704200741642629,6.687572084620995,9.809057749294265,5.750842484870506,7.490369695732646,9.202912068527905,9.99641158590204,4.589694997234736,1
9.828715978950292,5.97492694017649,9.241581024416522,6.925063503286237,7.348225108871841,9.906158641601554,9.620268699934464,8.67400305322778,5.777144546816557,6.951777585275941,1
11.849526024136782,7.051915914558687,8.501347657484953,8.530809138172385,6.482461219323071,6.209529329094353,7.528990901861585,6.452717664073926,7.396220314593011,4.760138062570942,1
8.217076720735259,7.962477955549909,8.657117396273497,7.472652948114461,6.729217801699025,9.881804153621593,7.713968305792742,5.346302100312404,6.001082649327742,7.579554986211276,1
7.5460635408314705,5.923560895421943,4.9230684543902825,7.8055993522988505,4.103357011224014,7.854626789857366,5.292240000954378,7.723224913343379,8.658308965303927,6.8350131796145455,1
8.97133353629015,10.742015885038297,8.09325701699778,6.490295271378306,9.050318106021281,7.616050907535477,9.737546218404786,8.137422887725453,9.601190031408544,7.413299814628444,1
6.123193516428167,5.928067971506466,8.41087932654835,5.428506038669799,5.6556759369170715,6.201642037953249,6.244200064139423,8.60009261258804,8.018378259256021,4.5333070293272835,1
3.373066318743439,4.701013416664621,5.534043491967303,6.025234439045925,5.740892000632869,7.263100742418954,7.258142815012779,11.711753498650285,9.894910391709711,10.28448603047222,1
5.2477334598716965,5.929508874174705,6.499850010636743,5.80384300191617,7.956097773558838,6.985314671005398,6.102893009568132,5.8298196872286425,9.3055032366005,5.258933579676139,1
6.063919973094717,4.275112594152306,5.015580537500106,7.401316403820087,9.456381086855748,4.619209632162456,7.453577883749108,4.404834613799302,7.777072730256812,7.6867619613652085,1
8.404927549414044,4.441228378132734,10.291558752054904,5.014789683042111,8.612842083649548,10.799939714729126,5.471796443306606,5.181015732443562,7.079739271358475,7.3690152541012335,1
6.650644983830619,5.733131787948841,9.668452316872088,6.039653302488997,5.083729864123782,7.218397326267892,7.378128650149237,6.052350833189793,9.76840442890878,8.943729521811088,1
6.878713965157746,9.54295786308322,8.045528013448024,7.870579617871217,12.531604081265709,7.228119379699115,7.282930107598354,4.181147137290358,2.5501474532313004,6.045044900027934,1
6.683783236893234,8.652249398533915,4.540338771277206,5.96292737349542,9.874659859751166,11.080022820012616,7.5693507459117715,7.364243931093735,4.9901861585406095,5.130395784523413,1
6.569698839890251,5.526997908323288,6.004296612664435,2.6339066011628276,12.343909737482742,8.998629795742673,8.98776045362833,7.20118221206066,6.487986187400287,9.544610122322661,1
7.635947276615002,9.926069253486357,7.46769666364064,6.8276524598270365,3.909705531648794,10.356452602773167,6.5713649384496975,7.496382418491818,10.526548575606153,8.685269826001948,1
6.101483189763602,8.072435031474551,8.871554883485443,3.5013210342705565,8.231880403493703,3.2070684466381,6.727093394944492,5.289758518566407,7.7839756923679,9.931754622092786,1
4.697253398297928,4.618016102549724,10.220908395903212,7.878810914559941,8.987155589747056,1.224660597183906,3.487328487657311,8.327711542472446,5.162629747336165,3.2187397431998086,1
9.998416282530002,5.9662389287930315,6.2722426673628275,5.666951143127621,8.965261835770118,7.049208761328196,6.144865106410121,4.467480588363198,7.330792846730724,5.297143823899827,1
4.93011190629501,6.625785602271196,8.251103308821268,6.735324073977645,6.645457023426698,7.042547502765335,5.764175936846641,7.885685120433765,6.895511787884772,3.3032474624206705,1
5.4923540518701754,10.008416211749623,6.080988776166025,9.908764817437982,9.988178968084489,5.679406372971818,8.373072436563552,7.605625563996167,3.386088724877849,5.429185816034296,1
7.589757913977899,5.443715326327591,9.642397820446087,6.827383558027375,8.491815438358001,8.376517079461575,4.91339299837917,10.209625773216525,5.749990820163408,11.499602928628114,1
5.1928846039535586,6.051568031200102,6.19414302498168,8.058450559592636,7.1080272643392926,4.5860556863268656,10.976505596349421,7.054596348085497,8.155590064674739,3.628550875994984,1
7.760776882886438,6.105775880488686,8.714140437141351,8.76904187196965,6.650543874040083,6.122701732803725,10.459267278491085,5.951613570770656,7.572108854798403,6.121048355870487,1
6.015115260363633,8.133225296899754,6.072463032641374,7.284112490626455,8.239120380704955,4.604506163745574,3.023703555028333,8.286991082371927,6.877095838717007,5.870793633160061,1
8.64529591020164,7.8065723024681475,8.937651783093756,10.036918048164225,9.102748822043395,5.6634525866211956,10.018261288991754,5.250816862771273,7.641400903650709,8.915497750332733,1
6.941543420792065,7.450719006841005,3.0504452735681653,8.019606904035246,3.42456338711002,7.640471210161394,8.08716360704739,6.0659809662407005,7.776211298633059,9.817346306112604,1
5.736200639617176,7.9490728260100205,5.914532657748994,7.198007541849971,8.496211136975633,8.462494074561917,5.004279698586995,7.272955571446364,4.12144244245798,7.6829757264591265,1
7.360609447577389,6.502226196848091,8.311760079791526,7.142052495571529,4.6146073279528155,8.240660958226346,7.530371440162187,5.503967926208071,5.6806786241480385,5.834161030705577,1
3.3944360522968045,10.22422702894844,4.380677739165393,7.8076753575899325,9.932095488621693,9.500668443531026,5.908433767315775,9.632591758287058,2.7470408576866765,10.73720213902618,1
3.939469522046345,7.735097358610128,8.187564133798302,6.515780894526932,8.59929153057341,5.327726527114829,8.34748459087446,6.8609907887013355,5.216812571657936,4.92451877244882,1
5.8466494395319275,9.078387863178001,10.488404372572191,6.204140651505908,9.419296855207541,8.0222015102427,2.808706284514277,9.316210555116214,5.655561015437365,6.470490865321125,1
8.250646801082114,5.774981570177712,9.724104041579473,7.079401511444712,9.714447039608789,9.354314296073868,2.258356164444451,7.632652845528274,3.3342833366986513,7.3221729617973494,1
10.7427569686541,6.861016944161064,5.246506391483486,6.014650530173607,7.588172329562368,9.01649589181341,5.1620130980464545,7.413482609158777,7.864089606644902,5.114889386019257,1
5.306781340997344,6.75206002457784,10.189286480370756,7.610710335595973,6.55946686061504,3.9908172229545817,8.865187780328299,7.9422737923534275,7.231943298216602,5.087543609651018,1
10.738525332523333,8.060772740302724,6.092285273809325,8.31679426571296,7.851971707210987,8.254985520980835,8.142832164955411,7.462648337915759,8.651006666987861,7.78826466062788,1
10.382911402744886,5.160056608231702,8.226421095983884,5.359662626536995,6.231232895204689,4.452623183848985,8.559225981827536,12.79650216185069,8.287051637114024,7.29463478414799,1
6.072695675940416,7.347412868234451,8.169752970326616,9.172489535565289,9.13487755527674,8.172714710492958,6.684655257607812,6.058777344781924,4.384197810503288,5.80123085629523,1
7.596725734393003,7.187310766673814,8.368714451773984,3.5845146514081456,2.3271244287069184,5.346445901406707,6.717725510751654,6.755918971082314,6.939911213774919,7.474630309627813,1
8.817610443514877,5.550654382834226,6.305495266192644,3.6910692809954564,10.640620394749769,7.699182160482796,9.948901712114875,8.422594452902779,8.966631337388296,6.140372537421178,1
7.54055505409587,5.311787293629607,8.33352071716743,6.400528029947168,7.733260410373894,8.026956524971633,9.492589342768042,9.279306662207784,7.196572631213194,7.2510220190366566,1
5.202448511250454,6.954170092721648,6.9412673153854625,2.5685633366219305,7.2256031822091105,9.572813939488407,2.6242179711829294,7.321902021519873,3.386470724990957,5.400140223380488,1
10.456049723716909,4.100462900226611,6.452684399482318,5.014524389331325,5.430171371324421,10.001863532071543,6.714259361082681,7.707804149222697,7.469210779231333,5.058818175800528,1
6.741538787394048,5.21865594632913,7.917890197985631,3.1229585573825887,8.760504849358973,7.1750071907493655,7.521111904011947,4.596085142216314,4.23029697296424,4.040816600170246,1
7.05838677873102,7.07482410309982,6.976877370837204,5.250605949525156,6.846346792609047,6.713948957411369,11.533194912619114,11.695930914660279,8.405489244443471,9.265216297586178,1
4.607324207205338,10.031726543489365,2.9378949907921488,5.354668992431935,7.616971005818275,5.713066847610129,8.350400418494006,7.995782734947063,5.464818090779836,7.206898036447583,1
8.056183829281672,9.099527493900624,7.668405638046995,9.462797592768897,6.075065083912015,6.305261322136834,7.289908345725964,6.478324593398817,7.206296934269049,3.7682156770511352,1
6.826215046782551,7.203266277448578,9.622460219057576,12.245812365585573,7.714195374350668,6.8138914418723315,7.681395523494336,7.982929723548862,11.208524486197602,9.15072419475415,1
4.690273974464557,8.582572028760056,5.912113111541598,7.442753527596634,3.4932064322287575,6.691659192888798,7.511267425732598,6.148319121955545,10.003228893527723,3.552930729146387,1
3.349359232929864,0.0,1.6063178361587505,2.952356660020379,3.955167793604428,1.841004959052953,1.4069974752535046,4.633784008697015,4.915126936974291,6.453489335528522,0
2.338419135457788,1.9337480233896756,2.1493788208371267,5.681255869573473,3.7400358941001866,1.5281377819970094,2.1196239568962545,2.8595800155295525,6.8697413899422965,4.5085926991798075,0
4.104203072941944,2.4974843051270037,4.6768074315972035,3.8383808960891965,3.5711184486322995,6.208655496345884,1.6722831180087965,3.1741375321499468,1.2299245604428586,3.710603293168824,0
5.209390056272391,3.4851262538223984,3.4628978028750175,2.2023228917034423,3.7443637013804567,4.952343994226941,5.670979163538455,0.47999248932676997,4.1650012734508195,0.0,0
4.533279879732403,7.302815932655558,2.160518005660598,3.7355267223234008,0.0,0.2652589327327277,1.6326306570032414,4.900255748761669,5.891202831772265,3.6665916061089106,0
3.502804956126555,2.182787209785204,5.076849481043281,4.769137623085398,7.574721800491728,1.0488531323518482,1.6993825306002004,5.541290340751678,4.472656730212714,3.9142402420380917,0
3.23086836922302,1.6963975301557912,4.758957366043103,2.5830395994356605,4.647575549598007,2.6256204803615706,5.1191806535887325,2.853845819567694,2.3188014629053617,2.7933649433316305,0
2.9099925522779966,4.765063949361499,3.9254740604228386,0.16528741881305775,1.3293384080142596,0.25841118590550227,1.0689420708801691,6.023445850654907,2.6002493846425416,3.9920446847525435,0
8.012573260350699,0.0,0.0,3.0691826936188673,0.0,0.2965971484073311,3.363522555715235,3.5256013962933914,1.7069018938939595,4.525579918517908,0
2.0501970961129112,4.283908525387251,1.4839263957360893,5.933704711355231,0.0,0.0,2.3350739093311486,3.605862185301555,0.0,5.723259944012829,0
1.0477967005287687,2.7007245491520253,2.089855873909631,3.3601558761670014,0.0,2.5748894267465245,3.54706024942055,0.2239844897041836,1.67694794177278,2.588411883923179,0
1.95958266049368,3.4025776122268345,2.1287692949799384,2.378407813680803,2.732846795296056,0.9980798122446775,1.6812601411030335,7.467753275628592,1.1054357472219778,1.5992470812080577,0
4.179894349287783,3.1258970284207552,0.7883310486562793,4.271406497002488,0.0,4.698343200420689,4.550865697306143,5.633962771264089,1.1186381330956283,3.843625824422519,0
6.894310516489744,4.694539401445699,5.130409971583282,0.9541664134629744,3.9103971282003656,3.4938036598681927,2.944209571463183,3.491477617026823,4.348413033087297,3.6974310035977034,0
0.03179139380979823,4.773148146317942,4.325444801539826,3.632622605055378,4.736694250957396,0.0,5.606880471061848,3.9101746704006812,4.774664980190298,0.0,0
2.2075729239388373,4.2009553576167935,4.384394849074802,1.6034798917210444,6.557421794623204,5.187657729520586,3.4123103309375367,4.507916057523701,4.109596243740144,0.0,0
7.064400682280837,7.353842221190966,6.806953062572182,3.1844024347662536,4.676908591118172,2.1524425566109895,2.644807350943954,4.769316763854737,4.206134382625181,2.5905055023600223,0
0.8556485583108664,3.9966194113603617,3.1047511110520767,2.941076606883768,2.3874240090075847,1.9161153703873097,3.5623632065771584,3.2259945854318595,5.687868821031333,0.0,0
1.2209911604337338,1.8900133508355432,0.41908068944972765,0.0,0.0,0.9675347879339622,2.761960331384884,3.875202129534557,1.3216915969482086,5.240598497488034,0
3.5106822495666847,0.0,4.553411490606315,3.2065653076732343,4.846174643252922,2.5489246880009233,2.7731659614958715,2.2437611538278546,0.0,5.927488958957301,0
0.0,5.8490118687534824,0.0,3.4293373458876304,3.2628358919765112,3.5870964005239143,3.2087267550204333,4.246201992640283,3.26839751245249,0.0,0
1.8292594519188154,2.6865483616130126,0.9771051112837523,8.809038063131357,0.0,1.2520069380455647,1.433422893458186,5.7636217427784295,3.511409174418545,1.7814915442061252,0
5.632985178576613,0.8195748080999623,2.705715918427511,3.803188038571926,2.783728657038446,1.8234014350117385,4.757820414307712,2.628419638930566,4.361672498678501,1.6368430895032775,0
4.962011322444072,6.335346594865771,0.08392084387836851,3.023773748955504,1.3789525761577452,0.0,1.5529394270972048,7.086208529459652,5.773251209572887,5.200801865327341,0
2.780700289369435,3.0886350025177745,3.336981733796001,6.874275725654451,4.107689896047762,4.846255800733099,3.20330780659787,3.9462575184540327,2.697190639057231,5.355061222430337,0
4.224529014392505,3.6044763298848053,0.08527384971490859,0.2088237611916295,1.112515783772574,0.14204210922266336,3.0524701180868505,3.3413964891637056,3.532294569779371,6.265330931100042,0
3.2439716670144465,3.646570847765971,3.660699369557639,0.8259390911740017,0.0,2.217901687326286,1.8751711083316924,0.0,4.404707845315048,1.6647491032160342,0
1.0417430106216408,2.2916665756921692,1.4563014413478543,0.3268448049073993,4.862260871799527,5.035590961635866,4.591312865655767,3.021859649509705,3.7036666651412795,4.259175646817235,0
3.760263373304065,2.635045224858071,4.214957785323497,3.545879706698468,2.405430217011512,3.373457651101499,2.670901301678545,3.456473433623812,3.1112890692952733,3.7597478645323243,0
4.873489925211468,0.0,0.18303246469107526,5.278304141913534,3.0947263955170126,1.4410571769156875,0.0,0.0,5.012181267805786,0.0,0
6.441832645357299,0.0,1.1395145726350602,7.823038023329755,3.0676716293070743,4.003324694007931,0.16018564708531446,1.8105747491140813,0.0,0.0,0
0.3935143067188651,5.510840426667938,4.100500936528111,0.0,6.819825648298521,4.826826573152679,0.10969014064634175,1.5478808759982803,6.546624367029876,3.355821100816436,0
4.789346110605869,4.487960397371882,6.006451132161158,2.247279517423426,5.343787330473999,4.896180056670595,2.763019365781713,0.06003973029135645,1.600009087262039,2.5111677847658287,0
4.263055698571131,2.2948386921157162,1.9167780395893006,1.3126086232540444,3.4866427687997654,2.6929409294143265,4.260732354998778,2.2394745301538057,3.718137925652531,2.9594196471905505,0
6.069189161400518,3.462497693899842,2.487596801937798,3.1184747686837833,0.7562740798199843,6.594723830118802,0.8736722380367321,4.502137144285257,3.581592176793615,2.7186148468616436,0
3.431488889458874,2.239086449617129,2.1937046217035903,0.8865300795134159,6.2494711343457485,6.533726632769766,3.563606617857148,1.9410942920729766,0.0,3.9597703542935188,0
2.9769802556007945,7.327364998487464,2.1413112899127262,2.513921946027991,3.1020541303782054,4.486827252875212,4.629047082172741,0.0,4.161900703229105,5.339695162788853,0
1.7975972509829439,1.9014862046744982,4.33183911805506,2.7188099016515133,4.222208007200991,1.3808302443725737,2.2433249512426876,1.248814459847663,0.0,3.7910321988608757,0
2.2670595575336394,8.57059775604766,3.061648293477402,0.24877066196662323,3.522975052509173,0.0,2.6760710505298486,0.0,1.911655367662885,6.0952508990862615,0
4.691449473150392,1.6113053790210947,3.5502015266485616,2.2683330890864606,2.847456125322451,2.6256960493311143,4.651980813732719,0.9230802459147567,0.6301885621279921,0.0,0
5.066029931572505,5.94165333197646,1.454319557728294,0.7175028063888425,2.0398203732711155,2.7423597394520125,2.9452587527947247,1.9117024601909793,0.20315003773347717,6.174401857340348,0
0.675875909232694,0.0,4.83172617425863,2.3497750687417387,5.005052337274714,1.8636457696010265,3.0307815147033463,4.854882600164809,1.7071758645098423,0.8923575105360424,0
1.1565225375008301,4.003347781414921,0.21513564870318724,3.6792643435075343,0.0,3.407866273341577,4.926059342212855,3.978323337538929,5.038565574872704,2.626737176937233,0
0.8913306630301339,1.776136261389461,5.868471482491183,2.263771709751216,4.777570031187546,5.91421666988235,3.8904985922696382,1.3621557387819856,0.0,4.404701596201506,0
3.940205963547107,4.474545069282045,2.7784482210388948,2.931550285209399,1.0222626595686604,4.648643092195517,4.150130949490408,6.326964894332326,0.6846419279638734,1.6024824894246263,0
2.9934907624724114,2.2318655626256128,1.6836506245992122,4.782947412499301,6.350200681555816,4.880494461074296,4.207870259389744,1.460083466135434,3.461587214626187,6.634395424452235,0
4.744567023400515,3.4705547923731532,6.055384978984858,0.4912261511251228,3.8956988447824092,8.250724205617392,3.533295767902162,6.78669504358667,3.4752715750775436,1.5135306876254873,0
2.2690876275093843,7.640577682910224,3.9380808785895556,0.0,4.425572574797583,0.7048408164371152,0.8992113120609169,0.9407318328080256,5.369996928214487,3.242549063615033,0
0.0,1.686095218972269,1.9229412081683996,0.15580051555190533,5.880049333598054,3.762327233434792,0.7936204472546962,3.6957651781817438,4.841145187286838,3.0140566689573984,0
0.0,3.965812059506708,4.2482341420857805,4.850753908949672,2.4439532118606144,4.066984335854431,4.460733382833438,3.0134736141647687,0.33555030902310623,4.771915997601571,0
2.148196615775673,4.781843279418412,0.7745784926687769,1.6648339141985782,2.9326659621961926,2.456717970841331,0.0,1.9658420407796557,3.206490030577616,4.4417100163077246,0
1.844638212098511,1.3358374874379024,3.806035039920149,2.288868754907037,1.695928598345234,0.1858837103885569,4.807299191558966,6.321419859958392,3.121296462328572,3.377805067568149,0
5.857611483822756,2.8597030545975124,0.0,3.141889229636776,2.873316460085739,3.765206220553028,3.3496402023231613,6.482053121809203,4.254848639411976,3.534699078084923,0
4.274235550732188,2.4702747090956976,3.9989391716506626,2.9855121725407847,4.695089057116354,3.1046522359565114,0.0,5.557207692366315,0.16652419187287792,5.1151181250912465,0
4.992844983462366,2.391253331096591,1.6387321433139932,0.1639121921903106,1.4871202985730674,5.823422250067562,3.147984101417864,0.0,2.9127572655463028,2.9687803672318624,0
3.564424771341491,0.0,5.198057886747823,5.0389024912925855,3.8838125146307867,2.462061405483161,3.9630832857998457,1.9195390503399867,2.3338023469363476,4.093833354590627,0
2.92620688960042,3.820737411676808,4.420805669717587,5.190299293236974,4.493409041492491,3.5647783276029372,1.4745619708266966,2.884760685885048,7.265168210728722,2.8827518752632852,0
2.2312860175279416,3.83432522075186,1.5878394455713618,1.9619581685732412,3.6833412035366626,0.9677855412819434,2.588964271853688,7.030766082452811,3.084533427398542,1.541898388126188,0
0.0,2.9343691710235142,1.9784223312505338,0.37486339481504194,3.880959866936371,3.278818846657108,1.8489881806741486,2.702776726806886,7.027009944390938,2.374866107265805,0
4.944728725963924,3.8489539416553216,1.6586603843481111,2.4463014500208446,5.189653869177182,4.442838047753507,4.555611808448632,3.6884755998189904,0.0,0.971793903498376,0
1.8248930475072638,3.5848178102436568,4.911286736516438,5.020861842274844,3.1425448535039444,1.9797252085691044,3.909088599841933,4.392229523977153,1.3174818838278313,0.9382442634190502,0
0.0,3.132602612944923,4.334581433047433,1.6085830925879232,0.0,0.43426959200205184,6.605151315986332,3.7954262692891487,1.3425064081214189,0.8050843317140557,0
1.7303241342268894,2.1319709677182934,1.3847750775617915,2.2764997072371584,3.86255500108969,5.535194744129025,4.917670467780235,2.3519459822094793,4.899579285722776,5.0148386475635185,0
4.994717880738936,1.3548217754673766,3.9435550802624717,0.45905346423089366,0.0,2.709222924827459,2.919336088877709,3.483554623115952,3.323528895621664,6.8203130389837625,0
4.888632209615405,3.696929816475887,3.075125039723222,3.6543263445920933,1.3153814927741443,2.3863486127502282,0.0,1.4869551489532624,5.1602665846138995,5.2489133892654225,0
1.9539405842799646,0.6336759493868414,4.309576358524172,5.310270357023663,2.474130765017529,2.6352687440007605,3.1284606947812215,0.46628551165405563,2.207166707860738,3.6008941843527342,0
6.456333094901861,6.369499486880962,4.355436661504671,6.028654739167002,5.260580368474233,1.4978310780747048,2.2854149568449516,4.838302262275086,3.191429132999729,3.3201606969172683,0
3.262182697693931,1.1199565450490163,0.02922695068444936,2.201985663715536,5.134290226928922,3.992537985659569,5.2965054012881705,3.7018008242232963,4.174130710278305,3.9447842894344562,0
3.7688176280911545,6.098638852379119,0.0,3.288293022944952,3.9675062569523076,8.362062708824325,0.327120978186362,2.3412584830454013,4.891565774139011,3.9648086119839325,0
3.886265009087717,0.02685204809313335,3.5294852153065643,4.924745067240817,5.068087413764324,3.2155097599054367,4.581178701415502,2.9918210194303594,3.629899729708124,3.6954418944880763,0
2.6395202933389896,3.9928639553598715,2.3455914799554636,1.674631185121996,3.968380152201526,2.2266466378301897,0.0,0.29710863727593617,5.1353480434344565,3.4398120304562654,0
2.5892313819829016,1.6228156391516333,2.601960527478173,0.6200550078674074,0.5012920981076854,6.379994626206499,1.102120187939588,0.0,2.4920594773093727,1.1693955950545027,0
3.3705638547196677,0.5295144230548754,6.730073410730415,2.7954721825581808,3.5518492412504172,2.8507472382718437,2.9529752420793827,4.875895701849142,5.976799589511292,5.723375792503212,0
3.8633962276298477,4.626275232772441,1.1400316248919349,2.387455156225246,0.36176277789285294,1.8346695154140789,0.6600387995537123,1.549496632392049,2.256421536010723,5.2041186843460014,0
1.1076858301852819,0.22227754218053786,4.747879497891801,5.019188923397343,4.9576764191529,1.654261875426208,3.6283379033383705,2.6922539068624967,0.0,3.005731033996272,0
0.5550477723955818,0.9907317432869345,3.3492452315925645,2.9314860240617855,5.48883057583048,0.1888044463938483,2.250119342432479,4.321180337559778,3.8762219141345615,4.1981929047642295,0
5.4279881211793,0.5735003803005969,2.6596771188444053,2.823262104236416,0.28128443223218547,5.915606460867327,5.201471245853176,2.9256600303758646,3.663804893459814,0.0,0
0.0,2.3053354791284457,0.3877018061747921,5.074341345374258,3.563536836371201,5.9768598313335595,0.33877278712554837,2.3964828686766912,2.39097985550697,2.6006761984159072,0
4.723724240861057,4.883059715948688,2.959795212966098,2.510818181944639,1.1211384836992309,4.217247703208038,0.275841496112589,5.020016565379568,0.0,2.588656023870676,0
4.1338921715762265,4.029517112487668,6.6003609741293445,3.044404154052818,1.7065555048641219,6.076886979168534,6.621548739138718,0.0,2.925267009632208,3.8259802349766883,0
2.9004147810735708,2.742324378700356,5.230569915377103,3.8186584374962638,2.2826235848148566,0.0,4.047111650458207,1.5007473527363195,4.131397510020124,5.498450918600414,0
0.0,3.2173550127396187,4.562513567713531,4.734276619809743,1.619223886293476,0.5595661736076165,0.8198026138551313,2.9849376020069314,3.972713052636692,1.482797723697503,0
4.440365254136801,4.1638857147711335,0.0,2.7227031932665446,3.1939772563414115,3.48955544987031,0.0,0.0,6.133319057918728,0.0,0
3.465124523382795,2.9199895691139317,2.983727303148761,0.0,4.237147812863847,1.9648470802632474,0.0,1.1805684801092906,4.182025600068421,2.7773045223289268,0
3.959504190527188,4.4280012610214285,2.112936463464485,5.7007549803588,0.514219837613946,0.0,3.1342938912211626,2.1092581230335634,4.801816477476958,2.3441313181367636,0
4.143692594476743,3.8250848225822054,5.561042445598974,1.1299721412456873,5.472503493743808,1.3081380715016673,3.963833406062343,0.8797072515441631,0.7504777267292635,4.55857654998782,0
0.0,7.32223413432189,2.190392790714814,2.83430725406568,0.944982465917358,3.0609481425575575,0.8747384929791817,3.2568233086160294,1.2621597450972046,3.1662661106915015,0
1.8173873043058222,3.2910239076627272,2.9060618666718976,0.21132686595391448,3.685434274890634,2.2194108629931892,1.4660077918321983,2.881111332687375,4.5743087900218695,2.9204076932319323,0
2.9484832274042883,2.074721647321934,2.516188415096831,3.9986211881466285,2.928111048844594,2.4023729437572214,2.5678636392089547,0.0,0.7976662157821686,4.962140603471545,0
3.4793215018397694,0.0,7.266938825833791,4.539931664073057,4.207641923409573,4.068608772651167,2.130498171004368,3.2549582669391928,5.811449778854557,0.0,0
4.733212976178267,3.7520526366272042,4.51056105093754,4.130481725680538,2.4376025643151262,3.713227773445742,4.6607133794970235,4.366154858383166,3.3858269617055905,3.7822191569302044,0
4.846134806214147,1.5145064640649175,3.2030862675267833,5.80940216165251,5.407479229962851,2.3367567370851288,0.4725365892733242,0.0,0.0,4.933727753340847,0
4.160435344243226,1.8276010312862827,0.8217230172636305,3.4836975815368247,6.92148006951467,0.0,2.1927653470193142,4.6805260342254975,2.0274643998422195,7.614694370792245,0
4.634918970995443,5.43084403175912,2.266970541388096,1.943554388754782,2.3263596905162625,5.691031253159551,3.7194158506992565,2.2969265992024286,0.7218097278731936,2.851778981025084,0
2.9350872315751344,0.5185631545044798,0.0,5.301622688192026,2.4849585081365593,2.6638513474375003,4.454159875386346,4.2036753120669434,5.9104887259222245,4.246061184784197,0
5.172891427540643,2.907353564796598,2.3855238196033492,0.0,3.173582682637487,6.322470241173356,5.615635158643939,2.3630398382853577,2.799436480073804,1.4473303015977854,0
1.0748090808481092,7.337877992003306,5.379217881250821,5.753005322851654,3.0678283652147065,0.42057675935869465,2.618575135228895,3.2258052092363427,1.6859117461658368,5.5055195915217965,0
1.310383274877538,0.35640084489416646,2.9363001240403572,1.6761126158931654,4.465758637358211,3.0563677603901485,0.024980445996808598,3.2711307894315778,4.828946020098501,2.9391064705538494,0
3.240042106692746,4.0993966143894385,4.830763558481717,0.9639450143493677,0.24572988558777054,3.555263364973133,3.544960509749753,5.622493714838816,4.970154655281776,5.236632415909332,0
5.188901268568383,0.0,2.596658632836645,1.4521940823001112,3.0418826573501403,4.714034381786153,0.9945033201425875,1.084237163404999,5.600300382223573,0.7707648900241528,0
